system,model,test_r2,test_mae,test_rmse
AERO,Ridge,0.3859093126199904,6.653736536230678,8.321664319825835
DWC,GradientBoosting_400,0.36941566586030616,6.157419814843876,8.740286641973213
