approach,test_r2,test_mae,test_rmse
global_hybrid_current,0.10509166911884582,8.09562962962963,10.976335889337367
system_split_branches,0.4590930985774053,6.4055781755372765,8.53354286435938
